<?xml version="1.0" encoding="utf-8"?>
<!--/1451303/376231/2.47/4/4/Bridge Rectifier/-->
<quadcept_library>
  <setting unit="mil" />
  <textstyle name="Default" height="47.244094488189" strokewidth="7.8740157480315" charwidth="47.244094488189" />
  <textstyle name="Dimension" height="19.6850393700787" strokewidth="0" charwidth="19.6850393700787" />
  <textstyle name="H127W0635TH00762" height="50" strokewidth="3" charwidth="25" />
  <textstyle name="H15W15TH02" height="59.0551181102362" strokewidth="7.8740157480315" charwidth="59.0551181102362" />
  <padstyle name="r160_140" surface="True" plated="False" isvia="False" nopaste="False" nomask="True" complex="False" holesize="0">
    <padshape layer="TOP" shape="rectangle" width="55.11811023622" height="62.992125984251" />
    <padshape layer="TOP_SOLDER_PASTE" shape="rectangle" width="55.11811023622" height="62.992125984251" />
  </padstyle>
  <footprint name="DBF31013" originx="0" originy="0" pickpointx="0" pickpointy="0">
    <pcbpin number="1" name="1" style="r160_140" originx="98.425196850392" originy="149.6062992126" rotation="0" />
    <pcbpin number="2" name="2" style="r160_140" originx="98.425196850392" originy="-149.6062992126" rotation="0" />
    <pcbpin number="3" name="3" style="r160_140" originx="-98.425196850392" originy="-149.6062992126" rotation="0" />
    <pcbpin number="4" name="4" style="r160_140" originx="-98.425196850392" originy="149.6062992126" rotation="0" />
    <line layer="TOP_ASSEMBLY" originx="-130.90551181102" originy="157.48031496063" endx="130.90551181102" endy="157.48031496063" width="7.8740157480314" />
    <line layer="TOP_ASSEMBLY" originx="130.90551181102" originy="157.48031496063" endx="130.90551181102" endy="-157.48031496063" width="7.8740157480314" />
    <line layer="TOP_ASSEMBLY" originx="130.90551181102" originy="-157.48031496063" endx="-130.90551181102" endy="-157.48031496063" width="7.8740157480314" />
    <line layer="TOP_ASSEMBLY" originx="-130.90551181102" originy="-157.48031496063" endx="-130.90551181102" endy="157.48031496063" width="7.8740157480314" />
    <line layer="TOP_PLACE_BOUND" originx="-170.27559055118" originy="220.47244094488" endx="170.27559055118" endy="220.47244094488" width="3.9370078740157" />
    <line layer="TOP_PLACE_BOUND" originx="170.27559055118" originy="220.47244094488" endx="170.27559055118" endy="-220.47244094488" width="3.9370078740157" />
    <line layer="TOP_PLACE_BOUND" originx="170.27559055118" originy="-220.47244094488" endx="-170.27559055118" endy="-220.47244094488" width="3.9370078740157" />
    <line layer="TOP_PLACE_BOUND" originx="-170.27559055118" originy="-220.47244094488" endx="-170.27559055118" endy="220.47244094488" width="3.9370078740157" />
    <line layer="TOP_SILKSCREEN" originx="-130.90551181102" originy="-98.425196850392" endx="-130.90551181102" endy="98.425196850392" width="3.9370078740157" />
    <line layer="TOP_SILKSCREEN" originx="130.90551181102" originy="-98.425196850392" endx="130.90551181102" endy="98.425196850392" width="3.9370078740157" />
    <line layer="TOP_SILKSCREEN" originx="-59.055118110235" originy="157.48031496063" endx="59.055118110235" endy="157.48031496063" width="3.9370078740157" />
    <line layer="TOP_SILKSCREEN" originx="-59.055118110235" originy="-157.48031496063" endx="59.055118110235" endy="-157.48031496063" width="3.9370078740157" />
    <line layer="TOP_SILKSCREEN" originx="98.425196850392" originy="192.91338582677" endx="98.425196850392" endy="192.91338582677" width="7.8740157480314" />
    <arc layer="TOP_SILKSCREEN" originx="98.425196850392" originy="196.85039370078" startangle="-90.0" sweepangle="180.0" radius="3.9370078740157" width="7.8740157480314" />
    <line layer="TOP_SILKSCREEN" originx="98.425196850392" originy="200.7874015748" endx="98.425196850392" endy="200.7874015748" width="7.8740157480314" />
    <arc layer="TOP_SILKSCREEN" originx="98.425196850392" originy="196.85039370078" startangle="90.0" sweepangle="180.0" radius="3.9370078740157" width="7.8740157480314" />
  </footprint>
  <symbol name="DBF310-13" originx="0" originy="0">
    <line originx="200" originy="100" endx="800" endy="100" width="10" />
    <line originx="800" originy="-200" endx="800" endy="100" width="10" />
    <line originx="800" originy="-200" endx="200" endy="-200" width="10" />
    <line originx="200" originy="100" endx="200" endy="-200" width="10" />
    <sympin number="1" originx="800" originy="0" rotation="0" length="100" width="7.8740157480315" flipped="False">
      <text name="pinname" originx="0" originy="0" style="Default" rotation="0" justify="left" flipped="False" hidden="False" data="+" />
      <text name="pindes" originx="0" originy="0" style="Default" rotation="0" justify="lowerright" flipped="False" hidden="False" data="1" />
    </sympin>
    <sympin number="2" originx="800" originy="-100" rotation="0" length="100" width="7.8740157480315" flipped="False">
      <text name="pinname" originx="0" originy="0" style="Default" rotation="0" justify="left" flipped="False" hidden="False" data="~_1" />
      <text name="pindes" originx="0" originy="0" style="Default" rotation="0" justify="lowerright" flipped="False" hidden="False" data="2" />
    </sympin>
    <sympin number="3" originx="200" originy="-100" rotation="180" length="100" width="7.8740157480315" flipped="False">
      <text name="pinname" originx="0" originy="0" style="Default" rotation="0" justify="left" flipped="False" hidden="False" data="-" />
      <text name="pindes" originx="0" originy="0" style="Default" rotation="0" justify="lowerright" flipped="False" hidden="False" data="3" />
    </sympin>
    <sympin number="4" originx="200" originy="0" rotation="180" length="100" width="7.8740157480315" flipped="False">
      <text name="pinname" originx="0" originy="0" style="Default" rotation="0" justify="left" flipped="False" hidden="False" data="~_2" />
      <text name="pindes" originx="0" originy="0" style="Default" rotation="0" justify="lowerright" flipped="False" hidden="False" data="4" />
    </sympin>
  </symbol>
  <component name="DBF310-13" designatorprefix="BR" height="59.055118110235" footprint="DBF31013">
    <comppin designator="1" sympin="1" pinswap="0" gateswap="0" gate="1" group="1" side="" type="Any" name="+" />
    <comppin designator="2" sympin="2" pinswap="0" gateswap="0" gate="1" group="1" side="" type="Any" name="~_1" />
    <comppin designator="3" sympin="3" pinswap="0" gateswap="0" gate="1" group="1" side="" type="Any" name="-" />
    <comppin designator="4" sympin="4" pinswap="0" gateswap="0" gate="1" group="1" side="" type="Any" name="~_2" />
    <attached_symbol gate="1" name="DBF310-13" />
    <pinmap designator="1" footprintpin="1" />
    <pinmap designator="2" footprintpin="2" />
    <pinmap designator="3" footprintpin="3" />
    <pinmap designator="4" footprintpin="4" />
    <text name="Datasheet" originx="0" originy="0" style="Default" rotation="0" justify="" flipped="False" hidden="True" data="https://www.diodes.com/assets/Datasheets/DBF310.pdf" />
    <text name="Description" originx="0" originy="0" style="Default" rotation="0" justify="" flipped="False" hidden="True" data="Bridge Rectifiers Bridge Rectifier" />
    <text name="Mouser Part Number" originx="0" originy="0" style="Default" rotation="0" justify="" flipped="False" hidden="True" data="621-DBF310-13" />
    <text name="Mouser Price/Stock" originx="0" originy="0" style="Default" rotation="0" justify="" flipped="False" hidden="True" data="https://www.mouser.co.uk/ProductDetail/Diodes-Incorporated/DBF310-13?qs=fAHHVMwC%252Bbgh%2FF6N5%2FLeeA%3D%3D" />
    <text name="Manufacturer_Name" originx="0" originy="0" style="Default" rotation="0" justify="" flipped="False" hidden="True" data="Diodes Inc." />
    <text name="Manufacturer_Part_Number" originx="850" originy="200" style="Default" rotation="0" justify="left" flipped="False" hidden="False" data="DBF310-13" />
  </component>
</quadcept_library>
